<?xml version="1.0" encoding="UTF-8"?>
<project-private xmlns="http://www.netbeans.org/ns/project-private/1">
    <editor-bookmarks xmlns="http://www.netbeans.org/ns/editor-bookmarks/2" lastBookmarkId="0"/>
    <open-files xmlns="http://www.netbeans.org/ns/projectui-open-files/2">
        <group>
            <file>file:/C:/Users/pc/Documents/NetBeansProjects/Gestion%20Hotel/build.xml</file>
            <file>file:/C:/Users/pc/Documents/NetBeansProjects/Gestion%20Hotel/src/model/Client.java</file>
            <file>file:/C:/Users/pc/Documents/NetBeansProjects/Gestion%20Hotel/src/dao/ClientDao.java</file>
            <file>file:/C:/Users/pc/Documents/NetBeansProjects/Gestion%20Hotel/nbproject/jfx-impl.xml</file>
            <file>file:/C:/Users/pc/Documents/NetBeansProjects/Gestion%20Hotel/src/model/Admin.java</file>
            <file>file:/C:/Users/pc/Documents/NetBeansProjects/Gestion%20Hotel/src/dao/RoomTypeDao.java</file>
            <file>file:/C:/Users/pc/Documents/NetBeansProjects/Gestion%20Hotel/src/dao/PaymentDao.java</file>
            <file>file:/C:/Users/pc/Documents/NetBeansProjects/Gestion%20Hotel/src/model/Reservation.java</file>
            <file>file:/C:/Users/pc/Documents/NetBeansProjects/Gestion%20Hotel/src/model/Room.java</file>
            <file>file:/C:/Users/pc/Documents/NetBeansProjects/Gestion%20Hotel/src/dao/RoomDao.java</file>
            <file>file:/C:/Users/pc/Documents/NetBeansProjects/Gestion%20Hotel/src/dao/AdminDao.java</file>
            <file>file:/C:/Users/pc/Documents/NetBeansProjects/Gestion%20Hotel/src/dao/LoginDao.java</file>
            <file>file:/C:/Users/pc/Documents/NetBeansProjects/Gestion%20Hotel/src/dao/EmployeeDao.java</file>
            <file>file:/C:/Users/pc/Documents/NetBeansProjects/Gestion%20Hotel/src/dao/ReservationDao.java</file>
            <file>file:/C:/Users/pc/Documents/NetBeansProjects/Gestion%20Hotel/src/database/DbConnect.java</file>
            <file>file:/C:/Users/pc/Documents/NetBeansProjects/Gestion%20Hotel/src/dao/ReceptionistDao.java</file>
            <file>file:/C:/Users/pc/Documents/NetBeansProjects/Gestion%20Hotel/src/model/Payment.java</file>
            <file>file:/C:/Users/pc/Documents/NetBeansProjects/Gestion%20Hotel/src/model/Employee.java</file>
            <file>file:/C:/Users/pc/Documents/NetBeansProjects/Gestion%20Hotel/src/model/Receptionist.java</file>
            <file>file:/C:/Users/pc/Documents/NetBeansProjects/Gestion%20Hotel/src/gestion/hotel/GestionHotel.java</file>
            <file>file:/C:/Users/pc/Documents/NetBeansProjects/Gestion%20Hotel/src/model/RoomTypes.java</file>
            <file>file:/C:/Users/pc/Documents/NetBeansProjects/Gestion%20Hotel/src/dao/UserDao.java</file>
            <file>file:/C:/Users/pc/Documents/NetBeansProjects/Gestion%20Hotel/src/model/User.java</file>
        </group>
    </open-files>
</project-private>
